Name,Price,Supplier,Rating (Stars),Link
Modern leisure bubble ,$220.00-$260.00,"Guangzhou Sunlife Outdoor Products Co., Ltd.",4.7,//www.alibaba.com/product-detail/Modern-leisure-bubble-chair-gold-and_62569155188.html
Factory Direct Fashion Design High Back Support Gaming Beanbag ,$12.90,"Foshan Nanhai Xinwanqiao Fabric Product Co., Ltd.",4.2,//www.alibaba.com/product-detail/Modern-leisure-bubble-chair-gold-and_62569155188.html
Luxury leisure PU leather restaurant dinner ,$23.10-$25.30,"Hangzhou Yiyuan Honglei Trading Co., Ltd.",5.0,//www.alibaba.com/product-detail/Modern-leisure-bubble-chair-gold-and_62569155188.html
Free shipping within the U.S High Quality Rubber Wood Frame cheap price high back comfort king Velvet Arm Accent ,$219.00,FUJIAN BAIMEI ELECTRONIC COMMERCE CO LTD,4.8,//www.alibaba.com/product-detail/Modern-leisure-bubble-chair-gold-and_62569155188.html
Scandinavian pink velvet upholstery modern fabric dining ,$13.80-$14.50,"Bazhou Dowell Furniture Co., Ltd.",5.0,//www.alibaba.com/product-detail/Modern-leisure-bubble-chair-gold-and_62569155188.html
Free Sample Executive Massage Ergonomic swivel High back thick ,$43.00-$82.00,"Ganzhou Hebai Wood Products Co., Ltd.",3.6,//www.alibaba.com/product-detail/Modern-leisure-bubble-chair-gold-and_62569155188.html
Wholesale Custom Bean Bags/Bean Bag ,$8.98-$12.98,"Hangzhou Leadershow Industrial Co., Ltd.",5.0,//www.alibaba.com/product-detail/Modern-leisure-bubble-chair-gold-and_62569155188.html
New Design Hot Sale Luxury Dining Room Furniture Velvet Fabric Dining ,$75.00-$85.00,"Foshan Zhongcun Furniture Co., Ltd.",5.0,//www.alibaba.com/product-detail/Modern-leisure-bubble-chair-gold-and_62569155188.html
Foshan furniture ,$99.00-$135.00,"Foshan Angkelei Furniture Co., Ltd.",4.5,//www.alibaba.com/product-detail/Modern-leisure-bubble-chair-gold-and_62569155188.html
Modern Style Living Room Furniture Leisure Rocking ,$179.00-$199.00,"Foshan Jie Shi Furniture Co., Ltd.",2.7,//www.alibaba.com/product-detail/Modern-leisure-bubble-chair-gold-and_62569155188.html
Luxury Pink Velvet Dining ,$15.00-$20.00,"Kingpower International Trading Co., Ltd.",5.0,//www.alibaba.com/product-detail/Modern-leisure-bubble-chair-gold-and_62569155188.html
Doova Modern durable fashional designer living room plastic relax lounge leisure ,$8.50-$10.50,"Langfang Doova Furniture Co., Ltd.",,//www.alibaba.com/product-detail/Modern-leisure-bubble-chair-gold-and_62569155188.html
living room furniture lounge free footstool rolling sillas design lazy single recliner Rocking ,$93.00-$105.00,"Chongqing BTB Furniture Co., Ltd.",4.6,//www.alibaba.com/product-detail/Modern-leisure-bubble-chair-gold-and_62569155188.html
Cool design high quality plastic mesh gaming ,$48.00,"Hangzhou Yuxun Trade Co., Ltd.",4.2,//www.alibaba.com/product-detail/Modern-leisure-bubble-chair-gold-and_62569155188.html
Wicker Leisure Outdoor Furniture Waterproof Swimming Pool Beach / Manufacturers French Bistro Rattan ,$23.00-$29.00,"Putai (Jinhua) Outdoor Products Co., Ltd.",,//www.alibaba.com/product-detail/Modern-leisure-bubble-chair-gold-and_62569155188.html
electric 4D 3D zero gravity recliner shiatsu game ,$280.00-$300.00,"Ningde Brilliant Massager Co., Ltd.",4.8,//www.alibaba.com/product-detail/Modern-leisure-bubble-chair-gold-and_62569155188.html
2020 Amazon hot sale natural solid wood rocking ,$26.21-$29.99,"Shandong Lufan Trading Co., Ltd.",4.6,//www.alibaba.com/product-detail/Modern-leisure-bubble-chair-gold-and_62569155188.html
Modern Steel Frame Military Camping ,$25.00-$35.00,"Zhejiang Ruier Leisure Products Co., Ltd.",5.0,//www.alibaba.com/product-detail/Modern-leisure-bubble-chair-gold-and_62569155188.html
China supplier ergonomic design best sale led embroidery logo rack Computer gamer Gaming ,$37.90-$59.90,"Shenzhen Mebon Furniture Co., Ltd.",4.4,//www.alibaba.com/product-detail/Modern-leisure-bubble-chair-gold-and_62569155188.html
Cheap Price Home Furniture Dining Restaurant Cafe Plastic ,$6.00-$9.90,"Wuxi Ideal Furniture Co., Ltd.",4.8,//www.alibaba.com/product-detail/Modern-leisure-bubble-chair-gold-and_62569155188.html
durable cheap price stacking adult plastic ,$10.00-$15.00,"Taizhou Zhonglian Plastic Mould Co., Ltd.",5.0,//www.alibaba.com/product-detail/Modern-leisure-bubble-chair-gold-and_62569155188.html
OEM Modern High Back Pu Leather Dining ,$60.00-$68.00,"Foshan Maxtour Furniture Co., Ltd.",4.9,//www.alibaba.com/product-detail/Modern-leisure-bubble-chair-gold-and_62569155188.html
Luxury Leather Office ,$80.00-$120.00,"Guangxi Gcon Furniture Group Co., Ltd.",5.0,//www.alibaba.com/product-detail/Modern-leisure-bubble-chair-gold-and_62569155188.html
Secretary ,$8.00-$12.00,"Foshan Golden Passage Business Development Co., Ltd.",5.0,//www.alibaba.com/product-detail/Modern-leisure-bubble-chair-gold-and_62569155188.html
Modern dining room furniture linen fabric ring back dining ,$48.00-$68.00,"Foshan Vanca Furniture Co., Ltd.",4.4,//www.alibaba.com/product-detail/Modern-dining-room-furniture-linen-fabric_60770370825.html
China Bazhou Factory Dinning Room Furniture Colorful Modern Cheap plastic Dining ,$4.30-$9.30,"Bazhou Urun Furniture Co., Ltd.",,//www.alibaba.com/product-detail/Modern-dining-room-furniture-linen-fabric_60770370825.html
Commercial Outdoor Furniture Event Wedding Iron Metal ,$35.00-$60.00,"Guangzhou Ningxin Furniture Co., Ltd.",5.0,//www.alibaba.com/product-detail/Modern-dining-room-furniture-linen-fabric_60770370825.html
wholesale price portable white plastic folding ,$5.80-$6.80,"Ningbo Xino Furniture Co., Ltd.",5.0,//www.alibaba.com/product-detail/Modern-dining-room-furniture-linen-fabric_60770370825.html
Modern Sectionals&loveseats Promotion Velvet Upholstered Small Shell Accent ,$62.00-$64.00,"Ganzhou Hofa Wood Co., Ltd.",4.4,//www.alibaba.com/product-detail/Modern-dining-room-furniture-linen-fabric_60770370825.html
cheap comfortable high quality swivel base mesh fabric plastic office computer ,$14.00-$16.00,"Foshan Shunde Duodasi Furniture Co., Ltd.",,//www.alibaba.com/product-detail/Modern-dining-room-furniture-linen-fabric_60770370825.html
High End Comfortable Multi-function Ergonomic Mesh Modern Executive Office ,$407.00-$429.00,"Zhejiang Weworth Furniture Technology Co., Ltd.",4.7,//www.alibaba.com/product-detail/Modern-dining-room-furniture-linen-fabric_60770370825.html
Hot selling Chinese Manufacturer customized design Fabric Leisure ,$300.00,Yekalon Industry Inc.,5.0,//www.alibaba.com/product-detail/Modern-dining-room-furniture-linen-fabric_60770370825.html
Luxury Antique Hand Carved Russia Wood Upholstered Leisure ,"$1,531.00-$1,990.00","Shenzhen Ekar Furniture Co., Ltd.",4.8,//www.alibaba.com/product-detail/Modern-dining-room-furniture-linen-fabric_60770370825.html
Cheap mesh staff ,$11.50-$25.00,"Shenzhen Dafier Technology Co., Ltd",4.7,//www.alibaba.com/product-detail/Modern-dining-room-furniture-linen-fabric_60770370825.html
Park Patio Garden Cheap White Outdoor Plastic ,$3.80-$4.50,"Linyi Baoyanchengxiang Plastic Co., Ltd.",5.0,//www.alibaba.com/product-detail/Modern-dining-room-furniture-linen-fabric_60770370825.html
Ergonomic PU Leather Office ,$59.00-$77.00,"Guangxi Liangjian Industrial Group Co., Ltd.",3.9,//www.alibaba.com/product-detail/Ergonomic-PU-Leather-Office-Chair-Revolving_62334432584.html
Modern Outdoor Garden Solid Wood Folding ,$15.00-$20.00,"Guangxi Yulin Jiabao Manufacture Of Commodity Co., Ltd.",5.0,//www.alibaba.com/product-detail/Modern-dining-room-furniture-linen-fabric_60770370825.html
Nordic single sofa iron minimalist modern American living room bedroom lounge ,$53.00-$59.00,"Quanzhou Xinghui Furniture Co., Ltd.",4.9,//www.alibaba.com/product-detail/Ergonomic-PU-Leather-Office-Chair-Revolving_62334432584.html
Wholesale Oem Office Style Racing Gaming ,$90.00-$104.00,"Foshan Unique Furniture Co., Ltd.",5.0,//www.alibaba.com/product-detail/Modern-dining-room-furniture-linen-fabric_60770370825.html
2021 New Style Hot Sale Racing Office Computer Mesh Gaming ,$35.00-$47.80,"Anji Ka Bei Long Furniture Co., Ltd.",,//www.alibaba.com/product-detail/Ergonomic-PU-Leather-Office-Chair-Revolving_62334432584.html
Free sample best adjustable leather recliner pc gaming ,$53.00-$60.00,"Anji Funuo Furniture Co., Ltd.",,//www.alibaba.com/product-detail/Modern-dining-room-furniture-linen-fabric_60770370825.html
Ergonomic manager office mesh ,$138.00-$142.00,"Foshan Jyx Home Furnishing Co., Ltd.",5.0,//www.alibaba.com/product-detail/Ergonomic-PU-Leather-Office-Chair-Revolving_62334432584.html
wholesale petal Computer ,$29.90-$35.90,"Jinhua Lanze Trading Co., Ltd.",,//www.alibaba.com/product-detail/Modern-dining-room-furniture-linen-fabric_60770370825.html
Gold iron Legs Velvet flower Shaped Armchair sofa ,$40.00-$80.00,"Tianjin Zehao International Trade Co., Ltd.",4.3,//www.alibaba.com/product-detail/Ergonomic-PU-Leather-Office-Chair-Revolving_62334432584.html
2020 Popular Outdoor Furniture Aluminium Rope Dining ,$3.00-$36.00,"Chandar Manufacturing Co., Ltd.",5.0,//www.alibaba.com/product-detail/Modern-dining-room-furniture-linen-fabric_60770370825.html
Latest luxury leather CEO executive reclining office ,$144.00-$154.00,"Guangdong Shunde Fannai Furniture Co., Ltd.",3.8,//www.alibaba.com/product-detail/Ergonomic-PU-Leather-Office-Chair-Revolving_62334432584.html
New Fashion Baby Tables and ,$52.00-$58.00,"Ningbo IVOLIA Children Products Co., Ltd.",5.0,//www.alibaba.com/product-detail/Modern-dining-room-furniture-linen-fabric_60770370825.html
high quality luxury modern metal legs dining ,$387.00-$432.00,"Foshan Dirani Design Furniture Co., Limited",5.0,//www.alibaba.com/product-detail/Ergonomic-PU-Leather-Office-Chair-Revolving_62334432584.html
High Back Executive Mesh Office ,$24.40-$34.00,"Kuangyu Industrial (shanghai) Co., Ltd.",4.0,//www.alibaba.com/product-detail/Modern-dining-room-furniture-linen-fabric_60770370825.html
New product customize embroidery logo adjustable silla gaming ,$47.50-$53.50,"Anji Guyou Furniture Co., Ltd.",,//www.alibaba.com/product-detail/Ergonomic-PU-Leather-Office-Chair-Revolving_62334432584.html
Nordic Style Vintage Upholstered Armchair Leather Lounge Leisure ,$38.00-$42.00,"Qiyuan Home (Shenzhen) Co., Ltd.",5.0,//www.alibaba.com/product-detail/Modern-dining-room-furniture-linen-fabric_60770370825.html
swivel steelcase world convenience metal frame furniture hs code mesh office ,$6.99-$14.99,"Guangzhou Jingtian Furniture Co., Ltd.",4.7,//www.alibaba.com/product-detail/Ergonomic-PU-Leather-Office-Chair-Revolving_62334432584.html
Hot Selling Top Sale BIFMA X5.1 Certificate Swivel Executive Pu Leather Office ,$35.00-$38.00,"Shanghai Wind E-Commerce Co., Ltd.",5.0,//www.alibaba.com/product-detail/Modern-dining-room-furniture-linen-fabric_60770370825.html
Honghua Fast ship upholstered Dining ,$38.50-$45.00,"Zhejiang Anji Honghua Furniture Co., Ltd.",4.8,//www.alibaba.com/product-detail/Modern-dining-room-furniture-linen-fabric_60770370825.html
Kabel office fabric racing ,$35.90-$49.20,"Anji Ka Bei Long Furniture Co., Ltd.",5.0,//www.alibaba.com/product-detail/Ergonomic-PU-Leather-Office-Chair-Revolving_62334432584.html
Ekintop free sample cheap custom ergonomic pc gaming ,$59.90-$96.00,Guangdong Esun Furniture Technology Company Limited,,//www.alibaba.com/product-detail/Ergonomic-PU-Leather-Office-Chair-Revolving_62334432584.html
Free sample cheap swivel pu leather office reclining pc custom racing gaming ,$65.00-$78.00,"TAIZHOU BOMAIHAN INDUSTRY AND TRADE CO.,LTD",5.0,//www.alibaba.com/product-detail/Modern-dining-room-furniture-linen-fabric_60770370825.html
Bubble ,$180.00-$230.00,"Dongguan Ruixin Hardware Electronic Co., Ltd.",4.7,//www.alibaba.com/product-detail/Ergonomic-PU-Leather-Office-Chair-Revolving_62334432584.html
Meiyang relax 3d foldable wood leisure sofa rocking massage ,$130.00-$180.00,"Fuan Meiyang Electronics Co., Ltd.",5.0,//www.alibaba.com/product-detail/Modern-dining-room-furniture-linen-fabric_60770370825.html
dining furniture tufted back velvet dining ,$58.00-$64.00,"Foshan Shunde Superior Furniture Co., Ltd.",5.0,//www.alibaba.com/product-detail/Ergonomic-PU-Leather-Office-Chair-Revolving_62334432584.html
game player accessories gamer ,$50.90-$60.90,"Shenzhen Yiqi Network Tech Co., Ltd.",4.9,//www.alibaba.com/product-detail/Modern-dining-room-furniture-linen-fabric_60770370825.html
Cheap Price Mid-Century Design Grace Leather Indoor Swing vr Metal Swivel Stereo Egg Shell Shaped Lounge ,$180.00-$280.00,"Foshan Youheng Furniture Co., Ltd.",5.0,//www.alibaba.com/product-detail/Ergonomic-PU-Leather-Office-Chair-Revolving_62334432584.html
2020 very hot sale tulip swivel ,$11.00-$12.00,"Tianjin Zehao Import & Export Trade Co., Ltd.",4.5,//www.alibaba.com/product-detail/Ergonomic-PU-Leather-Office-Chair-Revolving_62334432584.html
Modern design office furniture Ergonomic extension foot rest gaming ,$14.00-$16.30,"Qingdao Wish Furniture Co., Ltd.",,//www.alibaba.com/product-detail/Ergonomic-PU-Leather-Office-Chair-Revolving_62334432584.html
Racing Gaming ,$46.92-$56.92,"Anji Laikedijia Furniture Co., Ltd.",,//www.alibaba.com/product-detail/Ergonomic-PU-Leather-Office-Chair-Revolving_62334432584.html
High-Back Reclining Computer Silla Gamer ,$49.90-$83.90,"Foshan Yayu Cheng Import & Export Co., Ltd.",5.0,//www.alibaba.com/product-detail/Ergonomic-PU-Leather-Office-Chair-Revolving_62334432584.html
Wholesale Outdoor Round Rattan Swing Hanging Egg ,$45.99-$59.99,"Jilin Province Baiding Trade Co., Ltd.",4.9,//www.alibaba.com/product-detail/Ergonomic-PU-Leather-Office-Chair-Revolving_62334432584.html
"fabric with solid wood frame , hotel ",$40.00-$43.00,"Foshan Haoxin Furniture Co., Ltd.",5.0,//www.alibaba.com/product-detail/Ergonomic-PU-Leather-Office-Chair-Revolving_62334432584.html
High End Comfortable Multi-function Ergonomic Mesh Modern Executive Office ,$407.00-$429.00,"Zhejiang Weworth Furniture Technology Co., Ltd.",4.7,//www.alibaba.com/product-detail/Ergonomic-PU-Leather-Office-Chair-Revolving_62334432584.html
Wholesale Rustic Vintage Metal Iron Steel ,$8.50-$12.00,"Hangzhou Lin'an Saimei Furniture Co.,Ltd.",4.8,//www.alibaba.com/product-detail/Ergonomic-PU-Leather-Office-Chair-Revolving_62334432584.html
Modern Sectionals&loveseats Promotion Velvet Upholstered Small Shell Accent ,$62.00-$64.00,"Ganzhou Hofa Wood Co., Ltd.",4.4,//www.alibaba.com/product-detail/Ergonomic-PU-Leather-Office-Chair-Revolving_62334432584.html
computer cheap gaming ,$39.00-$45.00,"Anji Jiashide Furniture Co., Ltd.",4.9,//www.alibaba.com/product-detail/Ergonomic-PU-Leather-Office-Chair-Revolving_62334432584.html
T-DC-A024 Nordic light luxury beauty peacock ,$38.90-$59.90,"Tianjin Teforeco Environmental Technology Co., Ltd.",3.0,//www.alibaba.com/product-detail/T-DC-A024-Nordic-light-luxury_1600129078068.html
Wholesale Custom Logo PU Leather High Back 2D Armrest PC Gamer ,$38.50-$42.50,"Anji Guyou Furniture Co., Ltd.",5.0,//www.alibaba.com/product-detail/T-DC-A024-Nordic-light-luxury_1600129078068.html
vr headset used design leisure ,$200.00-$250.00,Fera D Home Casa,5.0,//www.alibaba.com/product-detail/T-DC-A024-Nordic-light-luxury_1600129078068.html
Cheap High Quality Racing ,$39.00-$42.00,"Tianjin K&J International Trading Co., Ltd.",5.0,//www.alibaba.com/product-detail/T-DC-A024-Nordic-light-luxury_1600129078068.html
Factory Low Price Modern Leisure Furniture Armrest Velvet Dining/Living Room ,$28.50-$90.00,"Anji Duomei Intelligence Furniture Technology Co., Ltd.",5.0,//www.alibaba.com/product-detail/T-DC-A024-Nordic-light-luxury_1600129078068.html
Genuine Leather director ,$373.00-$480.00,"Foshan City Nanhai Jiulong Yousheng Office Furniture Co., Ltd.",5.0,//www.alibaba.com/product-detail/T-DC-A024-Nordic-light-luxury_1600129078068.html
Hot-sale RGB LED New Design Hign Quality OEM ODM Ergonomic Silla Gamer PC Office Swivel Racing Gaming ,$30.00-$38.59,"Shanghai Youjing Import & Export Co., Ltd.",4.8,//www.alibaba.com/product-detail/T-DC-A024-Nordic-light-luxury_1600129078068.html
Fashion Creative Nordic metal Lounge sofa ,$69.00-$89.00,"Oulunmei Furniture(Fujian) Co., Ltd.",5.0,//www.alibaba.com/product-detail/T-DC-A024-Nordic-light-luxury_1600129078068.html
HC029 Buy Modern Furniture Cheap Standing Swivel Fiberglass Adult Size Oval Egg Shaped Pod ,$210.00-$400.00,Shenzhen Honesty Furniture Limited,,//www.alibaba.com/product-detail/T-DC-A024-Nordic-light-luxury_1600129078068.html
Good Quality High end Ergonomic Aluminum Back Executive ,$120.00-$130.00,"Foshan Sitzone Furniture Co., Ltd.",5.0,//www.alibaba.com/product-detail/T-DC-A024-Nordic-light-luxury_1600129078068.html
Velvet Navy Blue Upholstery Dining ,$53.00-$68.00,"Shenzhen MR Furniture & Decor Co., Limited",3.5,//www.alibaba.com/product-detail/T-DC-A024-Nordic-light-luxury_1600129078068.html
Most fashional Italian Style Three-Legged Lounge ,$75.00-$80.00,"Foshan Shunde Huaquan Furniture Co., Ltd.",4.4,//www.alibaba.com/product-detail/T-DC-A024-Nordic-light-luxury_1600129078068.html
15 years china home furniture cheap free sample cadeiras sillas de comedor restaurantes PP for plastic dining room platic ,$3.99-$6.53,"Bazhou Yoyo Beauty Furniture Co., Ltd.",5.0,//www.alibaba.com/product-detail/T-DC-A024-Nordic-light-luxury_1600129078068.html
Velvet Fabric Dining ,$88.00,"Huizhou Best Furniture Co., Ltd.",5.0,//www.alibaba.com/product-detail/T-DC-A024-Nordic-light-luxury_1600129078068.html
Most Popular Recliner Racing Computer PC Gaming ,$71.00-$81.00,"Anji Yide Furniture Co., Ltd.",5.0,//www.alibaba.com/product-detail/T-DC-A024-Nordic-light-luxury_1600129078068.html
wholesale gaming ,$44.79-$45.99,"Shanghai Simu Industry Co., Ltd.",4.8,//www.alibaba.com/product-detail/T-DC-A024-Nordic-light-luxury_1600129078068.html
China Wholesale Modern Nordic Design Patchwork Home Living Room ,$85.00-$96.00,"Foshan Menbro Furnishings Co., Ltd",5.0,//www.alibaba.com/product-detail/T-DC-A024-Nordic-light-luxury_1600129078068.html
Modern Restaurant Dining Room ,$15.00-$65.00,"Foshan San Dun Furniture Co., Ltd.",5.0,//www.alibaba.com/product-detail/T-DC-A024-Nordic-light-luxury_1600129078068.html
Overseas warehouse stock OEM living room chaise sofa genuine leather furniture Charles lounge ,$510.00-$518.00,"Shenzhen simbalion Technology  Co.,Ltd",4.9,//www.alibaba.com/product-detail/T-DC-A024-Nordic-light-luxury_1600129078068.html
wholesale gaming office ,$49.00-$52.00,"Anji Huaheng Home Supplies Co., Ltd.",5.0,//www.alibaba.com/product-detail/T-DC-A024-Nordic-light-luxury_1600129078068.html
Aviation Brown Genuine Leather Furniture Aluminum Back Arne Jacobsen Shape ,$367.00-$865.00,Henan Defaico Import & Export Company Limited,4.8,//www.alibaba.com/product-detail/T-DC-A024-Nordic-light-luxury_1600129078068.html
GS01 ,$95.00-$150.00,"Foshan Shunde Hao Yu Furniture Co., Ltd.",5.0,//www.alibaba.com/product-detail/T-DC-A024-Nordic-light-luxury_1600129078068.html
Free Sample Cheap Wholesale Modern Plastic Dining ,$7.60-$8.90,"Caoxian Jiafa Wood Product Co., Ltd.",,//www.alibaba.com/product-detail/T-DC-A024-Nordic-light-luxury_1600129078068.html
Customize embroidery logo adjustable armrest esports racing LED light rgb gaming gamer ,$67.00-$71.00,"Sichuan Seabroad Industry Co., Ltd.",4.8,//www.alibaba.com/product-detail/T-DC-A024-Nordic-light-luxury_1600129078068.html
High Back Swivel ,$49.99-$59.00,"Ganzhou Huafeng Trading Co., Ltd.",5.0,//www.alibaba.com/product-detail/High-Back-Swivel-Chair-adjustable-PC_1600180953835.html
Luxury Pink Velvet Dining ,$15.00-$20.00,"Kingpower International Trading Co., Ltd.",5.0,//www.alibaba.com/product-detail/High-Back-Swivel-Chair-adjustable-PC_1600180953835.html
Best Choice Colorful Mesh Office ,$23.90-$25.96,Foshan Nanhai Xin Jianwei Hardware Factory,4.8,//www.alibaba.com/product-detail/High-Back-Swivel-Chair-adjustable-PC_1600180953835.html
Modern Home Executive Specification Leather Office ,$200.00-$500.00,"Shenzhen Ekar Furniture Co., Ltd.",4.8,//www.alibaba.com/product-detail/High-Back-Swivel-Chair-adjustable-PC_1600180953835.html
YG8061 Ergonomic Design Comfortable Arm Rest Professional Gaming Computer ,$75.00-$82.00,"Chongqing YGM Commercial And Trading Co., Ltd.",4.8,//www.alibaba.com/product-detail/High-Back-Swivel-Chair-adjustable-PC_1600180953835.html
Free shipping within the U.S High Quality Rubber Wood Frame cheap price high back comfort king Velvet Arm Accent ,$219.00,FUJIAN BAIMEI ELECTRONIC COMMERCE CO LTD,4.8,//www.alibaba.com/product-detail/High-Back-Swivel-Chair-adjustable-PC_1600180953835.html
2020 Modern Custom Fabric Cover Patchwork ,$17.80-$18.00,"Langfang Yingni Trade Co.,Ltd",,//www.alibaba.com/product-detail/High-Back-Swivel-Chair-adjustable-PC_1600180953835.html
Wholesale personalized home furniture industrial vintage leather aluminum leisure egg ,$519.00-$599.00,"Foshan Shunde Qiaoxing Furniture Co., Ltd.",5.0,//www.alibaba.com/product-detail/High-Back-Swivel-Chair-adjustable-PC_1600180953835.html
Expanded outdoor furniture garden ,$16.98-$18.55,"Anping Yilida Metal Wire Mesh Co., Ltd.",5.0,//www.alibaba.com/product-detail/High-Back-Swivel-Chair-adjustable-PC_1600180953835.html
living room ,$29.99,"Zhaoqing Yijun Metalware Co., Ltd.",5.0,//www.alibaba.com/product-detail/High-Back-Swivel-Chair-adjustable-PC_1600180953835.html
Top Sale Guaranteed Quality Sofas And Armchairs Home ,$20.00-$99.00,"Jiangxi Frank Furniture Co., Ltd.",5.0,//www.alibaba.com/product-detail/High-Back-Swivel-Chair-adjustable-PC_1600180953835.html
cheap reclining high back foot rest pillow seat computer video pc game racing gaming ,$42.00-$45.00,"Bazhou Senliyuan Furniture Co., Ltd.",5.0,//www.alibaba.com/product-detail/High-Back-Swivel-Chair-adjustable-PC_1600180953835.html
Good Price Computer Desk ,$12.50-$14.50,"Langfang Weway Furniture Co., Ltd.",5.0,//www.alibaba.com/product-detail/High-Back-Swivel-Chair-adjustable-PC_1600180953835.html
electric 4D 3D zero gravity recliner shiatsu game ,$280.00-$300.00,"Ningde Brilliant Massager Co., Ltd.",4.8,//www.alibaba.com/product-detail/High-Back-Swivel-Chair-adjustable-PC_1600180953835.html
latest modern swivel mesh ,$53.99,"Foshan Nanhai Lainuo Furniture Co., Ltd.",5.0,//www.alibaba.com/product-detail/High-Back-Swivel-Chair-adjustable-PC_1600180953835.html
2020 New Luxury Liftstyle Dining Room Furniture Inerior Design Brushed Stainless Steel Button Tufted Dining ,$77.00-$86.00,"Shantou Jiahong Science & Technology Industrial Co., Ltd.",4.4,//www.alibaba.com/product-detail/High-Back-Swivel-Chair-adjustable-PC_1600180953835.html
Factory Leisure Morden Design Outdoor Used Metal Wire ,$29.00-$32.00,"Guangzhou Yapin Furniture Technology Co., Ltd.",,//www.alibaba.com/product-detail/High-Back-Swivel-Chair-adjustable-PC_1600180953835.html
Wholesale Cheap Bamboo Rattan Wicker Bistro Rattan Arm ,$21.00-$25.00,"Foshan Jimu Hospitality Supplies Co., Ltd.",4.8,//www.alibaba.com/product-detail/High-Back-Swivel-Chair-adjustable-PC_1600180953835.html
Doova Modern durable fashional designer living room plastic relax lounge leisure ,$8.50-$10.50,"Langfang Doova Furniture Co., Ltd.",,//www.alibaba.com/product-detail/High-Back-Swivel-Chair-adjustable-PC_1600180953835.html
vintage sedie metal tolixs sillas ,$10.50-$13.00,"Anji Chunyue Furniture Co., Ltd.",5.0,//www.alibaba.com/product-detail/High-Back-Swivel-Chair-adjustable-PC_1600180953835.html
ONERAY Customizable adjustable height rotatable advanced computer gaming ,$58.00,"Foshan Oneray Furniture Co., Ltd",5.0,//www.alibaba.com/product-detail/High-Back-Swivel-Chair-adjustable-PC_1600180953835.html
ANJI YIBO custom office gamer racing gaming ,$64.00-$68.00,"Anji Yibo Furniture Co., Ltd.",5.0,//www.alibaba.com/product-detail/High-Back-Swivel-Chair-adjustable-PC_1600180953835.html
durable cheap price stacking adult plastic ,$10.00-$15.00,"Taizhou Zhonglian Plastic Mould Co., Ltd.",5.0,//www.alibaba.com/product-detail/High-Back-Swivel-Chair-adjustable-PC_1600180953835.html
Secretary ,$8.00-$12.00,"Foshan Golden Passage Business Development Co., Ltd.",5.0,//www.alibaba.com/product-detail/High-Back-Swivel-Chair-adjustable-PC_1600180953835.html
wholesale gaming office ,$49.00-$52.00,"Anji Huaheng Home Supplies Co., Ltd.",5.0,//www.alibaba.com/product-detail/wholesale-gaming-office-chair-computer-racing_60771545067.html
Wholesale cheap Plastic used metal Folding dining wicker ,$5.00-$8.00,"Zhejiang Sanmen Hongqiao Rubber And Plastic Technology Co., Ltd.",5.0,//www.alibaba.com/product-detail/wholesale-gaming-office-chair-computer-racing_60771545067.html
China Factory Home Furniture modern design stackable plastic colored ,$13.50-$14.50,"Tianjin Forman Furniture Import And Export Trade Co., Ltd.",5.0,//www.alibaba.com/product-detail/wholesale-gaming-office-chair-computer-racing_60771545067.html
2021 New Style Hot Sale Racing Office Computer Mesh Gaming ,$35.00-$47.80,"Anji Ka Bei Long Furniture Co., Ltd.",,//www.alibaba.com/product-detail/wholesale-gaming-office-chair-computer-racing_60771545067.html
 New Luxury Gold Pink Velvet Sale Executive Modern Cheap Desk Computer Ergonomic Furniture Gaming Office ,$9.90-$29.90,"Zhaoqing City Gaoyao Minjie Hardware Plastic Co., Ltd.",4.7,//www.alibaba.com/product-detail/wholesale-gaming-office-chair-computer-racing_60771545067.html
Wholesale meeting room comfortable low back pu leather visitor office ,$43.24-$47.56,"Foshan Fangbo Furniture Co., Ltd.",,//www.alibaba.com/product-detail/wholesale-gaming-office-chair-computer-racing_60771545067.html
Home computer furniture popular design gaming ,$25.78-$27.99,"Bazhou Yoyo Beauty Furniture Co., Ltd.",5.0,//www.alibaba.com/product-detail/wholesale-gaming-office-chair-computer-racing_60771545067.html
Wholesale price Wedding Event romantic Golden classic Stainless Steel rental royal Dining ,$42.00-$43.00,Foshan Jiangchang Furniture Limited,4.3,//www.alibaba.com/product-detail/wholesale-gaming-office-chair-computer-racing_60771545067.html
2021 Amazon in Stock Drop Shipping Cheap Office ,$28.00-$45.00,"Ningbo Pinbo Plastic Manufactory Co., Ltd.",4.8,//www.alibaba.com/product-detail/wholesale-gaming-office-chair-computer-racing_60771545067.html
High back PVC PU living room ,$17.00-$18.00,"Bazhou Dowell Furniture Co., Ltd.",5.0,//www.alibaba.com/product-detail/wholesale-gaming-office-chair-computer-racing_60771545067.html
Cyber Cafe Furniture Office Gaming ,$43.00-$48.00,"Jiangyin Merry Int'l Trade Co., Ltd.",,//www.alibaba.com/product-detail/wholesale-gaming-office-chair-computer-racing_60771545067.html
Acrylic clear dining ,$121.90-$125.00,"Guangzhou Yaqi Furniture Manufacture Co., Ltd.",4.9,//www.alibaba.com/product-detail/wholesale-gaming-office-chair-computer-racing_60771545067.html
Wholesale 2021 Creative armchair set Cheap Fashion egg ,$55.00-$180.00,"Oulunmei Furniture(Fujian) Co., Ltd.",5.0,//www.alibaba.com/product-detail/wholesale-gaming-office-chair-computer-racing_60771545067.html
New style lift swivel ,$68.25-$136.50,Xinda Clover Industry Limited Company Nanhai Foshan City,5.0,//www.alibaba.com/product-detail/wholesale-gaming-office-chair-computer-racing_60771545067.html
Factory supplier recliner ,$189.00,"Foshan Shengzhibang Furniture Co., Ltd.",5.0,//www.alibaba.com/product-detail/wholesale-gaming-office-chair-computer-racing_60771545067.html
MEET&CO Modern factory price High back ergonomic swivel mesh office ,$45.98-$53.82,"Guangzhou Mige Office Furniture Co., Ltd.",5.0,//www.alibaba.com/product-detail/wholesale-gaming-office-chair-computer-racing_60771545067.html
swivel steelcase world convenience metal frame furniture hs code mesh office ,$6.99-$14.99,"Guangzhou Jingtian Furniture Co., Ltd.",4.7,//www.alibaba.com/product-detail/wholesale-gaming-office-chair-computer-racing_60771545067.html
office living room swivel tulip ,$11.00-$12.00,"Tianjin Zehao Import & Export Trade Co., Ltd.",4.5,//www.alibaba.com/product-detail/wholesale-gaming-office-chair-computer-racing_60771545067.html
Mid Century Classic Designer Furniture Red/Bule/Yellow/Black/Brown Fiberglass Leather Recliner Lounge ,$220.00-$244.00,"Foshan Menbro Furnishings Co., Ltd",5.0,//www.alibaba.com/product-detail/wholesale-gaming-office-chair-computer-racing_60771545067.html
Luxury modern design furniture ,$93.00-$98.00,"Foshan Meiyue Metalware Co., Ltd.",5.0,//www.alibaba.com/product-detail/wholesale-gaming-office-chair-computer-racing_60771545067.html
Modern Luxury High Back Ergonomic Executive Swivel Mesh Computer Office ,$19.00-$20.90,"BXD Tianjin Imp And Exp Co., Ltd.",5.0,//www.alibaba.com/product-detail/wholesale-gaming-office-chair-computer-racing_60771545067.html
Cheap ghost clear transparent acrylic napoleon ,$24.50-$25.00,Foshan Xinyimei Group Company,4.8,//www.alibaba.com/product-detail/Cheap-ghost-clear-transparent-acrylic-napoleon_1827419728.html
Simple Style Pink Dressing Room Metal Fram Industriul Wind Dining ,$30.00-$34.00,"Xiamen Taopinpin Technology Co., Ltd.",5.0,//www.alibaba.com/product-detail/Simple-Style-Pink-Dressing-Room-Metal_1700003013958.html
Uland Patio Outdoor Furniture Low Price Dining ,$46.00-$48.00,Guangzhou Bkai Imp & Exp Corporation Ltd.,5.0,//www.alibaba.com/product-detail/wholesale-gaming-office-chair-computer-racing_60771545067.html
Modern Home Executive Specification Leather Office ,$200.00-$500.00,"Shenzhen Ekar Furniture Co., Ltd.",4.8,//www.alibaba.com/product-detail/Cheap-ghost-clear-transparent-acrylic-napoleon_1827419728.html
Gold velvet dining armrest ,$68.00-$72.00,"Foshan Qiancheng Furniture Co., Ltd.",5.0,//www.alibaba.com/product-detail/Simple-Style-Pink-Dressing-Room-Metal_1700003013958.html
BSCI factory Leather dining ,$26.00-$29.00,"Tianjin Zhongzheng International Trading Co., Ltd.",5.0,//www.alibaba.com/product-detail/wholesale-gaming-office-chair-computer-racing_60771545067.html
2021 latest style italian leather dining ,$28.30-$29.80,"Langfang Yifeihuang Imports&Exports Co., Ltd.",4.9,//www.alibaba.com/product-detail/Cheap-ghost-clear-transparent-acrylic-napoleon_1827419728.html
Modern ergonomic leather swivel and executive office ,$152.00-$188.00,"Shenzhen Redde Boo Furniture Co., Ltd.",4.8,//www.alibaba.com/product-detail/Simple-Style-Pink-Dressing-Room-Metal_1700003013958.html
Modern Comfortable Adjustable Armrest High Back Swivel Ergonomic Mesh Office ,$110.00-$119.00,"Shanghai Wind E-Commerce Co., Ltd.",5.0,//www.alibaba.com/product-detail/wholesale-gaming-office-chair-computer-racing_60771545067.html
Huihong 2021 wholesale high quality custom cheap RGB LED gaming ,$26.90-$34.90,"Chengdu Huihong Teaching Equipment Manufacturing Co., Ltd.",5.0,//www.alibaba.com/product-detail/Cheap-ghost-clear-transparent-acrylic-napoleon_1827419728.html
Cheap Mid Century Furniture Modern Armless Dining ,$18.80-$22.90,"Bazhou City Biaodian Furniture Co., Ltd.",5.0,//www.alibaba.com/product-detail/Simple-Style-Pink-Dressing-Room-Metal_1700003013958.html
New Model High Quality Mesh Office ,$49.00-$69.00,"Guangzhou Gesui Trading Co., Ltd.",5.0,//www.alibaba.com/product-detail/Cheap-ghost-clear-transparent-acrylic-napoleon_1827419728.html
Outdoor used wood Bamboo Folding ,$13.00-$15.00,"Qingdao Huarui Furniture Co., Ltd.",5.0,//www.alibaba.com/product-detail/Simple-Style-Pink-Dressing-Room-Metal_1700003013958.html
office ,$26.50-$38.90,"Foshan JUOU Furniture Manufacturing Co., Ltd.",4.9,//www.alibaba.com/product-detail/Cheap-ghost-clear-transparent-acrylic-napoleon_1827419728.html
2021 Customized White Leather Blue Light Sillas Gamer Led rgb Gaming ,$83.00-$93.00,"Anji Yide Furniture Co., Ltd.",5.0,//www.alibaba.com/product-detail/Simple-Style-Pink-Dressing-Room-Metal_1700003013958.html
Vintage Real Leather Pilot Office ,$420.00-$490.00,Henan Defaico Import & Export Company Limited,4.8,//www.alibaba.com/product-detail/Cheap-ghost-clear-transparent-acrylic-napoleon_1827419728.html
leisure comfortable home living room furniture Fjords Lobster Design Accent Lobster ,$350.00-$800.00,"Foshan Yaai Furniture Co., Ltd.",5.0,//www.alibaba.com/product-detail/Simple-Style-Pink-Dressing-Room-Metal_1700003013958.html
Cheap Price Outdoor Modern White Restaurant Stackable PP Dining Plastic ,$8.30-$10.00,"Bazhou Dongzhen Furniture Co., Ltd.",5.0,//www.alibaba.com/product-detail/Cheap-ghost-clear-transparent-acrylic-napoleon_1827419728.html
DH Modern ,$22.50-$27.00,"Anji Weiyu Furniture Co., Ltd.",5.0,//www.alibaba.com/product-detail/Simple-Style-Pink-Dressing-Room-Metal_1700003013958.html
OEM Manufacturer Computer Comfortable Mesh Price Executive Ergonomic Office ,$58.00-$63.00,"Shanghai Wind E-Commerce Co., Ltd.",5.0,//www.alibaba.com/product-detail/Cheap-ghost-clear-transparent-acrylic-napoleon_1827419728.html
New creative folding sofa lazy floor ,$54.90-$63.50,"Shanghai Uwin International Trade Co., Ltd .",4.9,//www.alibaba.com/product-detail/Simple-Style-Pink-Dressing-Room-Metal_1700003013958.html
Luxury single chaise lounge velvet fabric green living room furniture leisure ,$90.00-$408.60,"Guangzhou Tanndy International Trading Co., Ltd.",5.0,//www.alibaba.com/product-detail/Cheap-ghost-clear-transparent-acrylic-napoleon_1827419728.html
Hot selling racing ,$50.00-$80.00,"Shenzhen Leading International Enterprise Co., Ltd.",4.7,//www.alibaba.com/product-detail/Simple-Style-Pink-Dressing-Room-Metal_1700003013958.html
PC Gaming ,$58.00-$60.00,"Anji Runda Furniture Co., Ltd.",,//www.alibaba.com/product-detail/Cheap-ghost-clear-transparent-acrylic-napoleon_1827419728.html
Custom Adjustable Ergonomic Kneeling ,$35.00-$40.00,"Ningbo Wei Ying Electric Technology Co., Ltd.",4.4,//www.alibaba.com/product-detail/Simple-Style-Pink-Dressing-Room-Metal_1700003013958.html
Modern Single Sofa Fabric Swivel Arm ,$115.10-$120.60,"Nisco Co., Ltd.",5.0,//www.alibaba.com/product-detail/Cheap-ghost-clear-transparent-acrylic-napoleon_1827419728.html
Good Quality High end Ergonomic Aluminum Back Executive ,$120.00-$130.00,"Foshan Sitzone Furniture Co., Ltd.",5.0,//www.alibaba.com/product-detail/Simple-Style-Pink-Dressing-Room-Metal_1700003013958.html
Factory price electric massage reclineing ,$252.00-$282.00,"Ningbo Comfort Industry Co., Ltd.",5.0,//www.alibaba.com/product-detail/Cheap-ghost-clear-transparent-acrylic-napoleon_1827419728.html
All weather Garden Patio Outdoor Furniture Rattan Stacking Plastic ,$15.50-$17.00,"Taizhou Sukk Furniture Co.,ltd",5.0,//www.alibaba.com/product-detail/Cheap-ghost-clear-transparent-acrylic-napoleon_1827419728.html
China wholesale lightweight white stackable plastic ,$3.00-$15.00,"Zhejiang Xinding Plastic Co., Ltd.",5.0,//www.alibaba.com/product-detail/Simple-Style-Pink-Dressing-Room-Metal_1700003013958.html
Office furniture adjustable height custom design ergonomic 360 swivel executive mid back computer office desk green mesh ,$215.89-$229.99,"Foshan Nanhai Nuogo Seating Co., Ltd.",4.9,//www.alibaba.com/product-detail/Cheap-ghost-clear-transparent-acrylic-napoleon_1827419728.html
Modern Design High Adjustable Ergonomic Office ,$90.00-$95.00,"Foshan Kaizda Furniture Co., Ltd.",5.0,//www.alibaba.com/product-detail/Simple-Style-Pink-Dressing-Room-Metal_1700003013958.html
Indoor Outdoor Furniture Patio Rattan Double Size Swing Hanging Egg ,$80.00-$85.00,"Tianjin Perfect Furniture Co., Ltd.",,//www.alibaba.com/product-detail/Cheap-ghost-clear-transparent-acrylic-napoleon_1827419728.html
Best Racer Sport Gaming ,$50.00-$54.00,"Anji Huasheng Furniture Co., Ltd.",3.3,//www.alibaba.com/product-detail/Simple-Style-Pink-Dressing-Room-Metal_1700003013958.html
2021 cheap high quality comfortable swivel base mesh fabric plastic office computer ,$15.90-$17.90,"Foshan Shunde Duodasi Furniture Co., Ltd.",,//www.alibaba.com/product-detail/Cheap-ghost-clear-transparent-acrylic-napoleon_1827419728.html
Executive Massage office ,$45.70-$52.60,"Shanghai Gobooman Import And Export Co., Ltd.",4.9,//www.alibaba.com/product-detail/Simple-Style-Pink-Dressing-Room-Metal_1700003013958.html
Synthetic Rope Modern Dining Room Furniture Patio Use Garden ,$69.00-$79.00,Foshan Kingwell Furniture Limited,5.0,//www.alibaba.com/product-detail/Cheap-ghost-clear-transparent-acrylic-napoleon_1827419728.html
Hot sell Lift Swivel Style and Specific Use Fashionable Ergonomic Office ,$14.20-$14.30,"Qingdao Aonuo Office Furniture Co., Ltd.",4.9,//www.alibaba.com/product-detail/Simple-Style-Pink-Dressing-Room-Metal_1700003013958.html
Stainless steel metal frame hotel dining velvet cushion event metal wedding dining ,$8.00-$50.00,"Foshan Dominate Furniture Co., Ltd.",4.8,//www.alibaba.com/product-detail/Cheap-ghost-clear-transparent-acrylic-napoleon_1827419728.html
GS01 ,$95.00-$150.00,"Foshan Shunde Hao Yu Furniture Co., Ltd.",5.0,//www.alibaba.com/product-detail/Simple-Style-Pink-Dressing-Room-Metal_1700003013958.html
IVOLIA new model 3 in 1 baby feeding high ,$45.00-$65.00,"Ningbo IVOLIA Children Products Co., Ltd.",5.0,//www.alibaba.com/product-detail/Cheap-ghost-clear-transparent-acrylic-napoleon_1827419728.html
Cheap High Quality Racing ,$39.00-$42.00,"Tianjin K&J International Trading Co., Ltd.",5.0,//www.alibaba.com/product-detail/Simple-Style-Pink-Dressing-Room-Metal_1700003013958.html
Hot sale events rattan cushion sbrown farmhouse oak wooden cross back ,$25.80-$30.50,Foshan Dream Event Factory,4.3,//www.alibaba.com/product-detail/Cheap-ghost-clear-transparent-acrylic-napoleon_1827419728.html
Anji ,$60.50-$65.40,"Anji Wanbao Smart Home Technology Co., Ltd.",5.0,//www.alibaba.com/product-detail/Simple-Style-Pink-Dressing-Room-Metal_1700003013958.html
Light luxury Nordic banana leaf shape single small sofa ,$88.60-$148.90,"Xiamen Yuhai Furniture Industry Co., Ltd.",4.0,//www.alibaba.com/product-detail/Cheap-ghost-clear-transparent-acrylic-napoleon_1827419728.html
 New Luxury Gold Pink Velvet Sale Executive Modern Cheap Desk Computer Ergonomic Furniture Gaming Office ,$9.90-$29.90,"Zhaoqing City Gaoyao Minjie Hardware Plastic Co., Ltd.",4.8,//www.alibaba.com/product-detail/Simple-Style-Pink-Dressing-Room-Metal_1700003013958.html
restaurant hotel room modern vintage z shape rattan wood armchair mid century accent dining ,$50.00-$54.00,"Qiyuan Home (Shenzhen) Co., Ltd.",5.0,//www.alibaba.com/product-detail/Cheap-ghost-clear-transparent-acrylic-napoleon_1827419728.html
Free sample Flash Furniture Plastic Folding ,$6.00,"Zhangzhou Delux Furniture Co., Ltd.",5.0,//www.alibaba.com/product-detail/Simple-Style-Pink-Dressing-Room-Metal_1700003013958.html
Linsy Home nordic minimalist living room fabric luxury functional sofa single ,$238.00-$262.00,"Foshan Chenglin Furniture Co., Ltd.",5.0,//www.alibaba.com/product-detail/Cheap-ghost-clear-transparent-acrylic-napoleon_1827419728.html
high quality office reclining gaming ,$33.00-$43.00,"Foshan Kinouwell Furniture Co., Ltd.",4.8,//www.alibaba.com/product-detail/Simple-Style-Pink-Dressing-Room-Metal_1700003013958.html
Best Quality Modern Comfort Folding ,$21.00-$30.00,"Guangdong Bunge Building Material Industrial Co., Limited",5.0,//www.alibaba.com/product-detail/Simple-Style-Pink-Dressing-Room-Metal_1700003013958.html
Wedding Solid Wood Royal ,"$12,000.00-$19,000.00","Foshan Dirani Design Furniture Co., Limited",5.0,//www.alibaba.com/product-detail/Wedding-Solid-Wood-Royal-Chair-groom_60742778569.html
Hot sale cheap zero gravity 3D heating function bluetooth speaker wrapped electric massage ,$209.00-$230.00,"Ganzhou Huafeng Trading Co., Ltd.",5.0,//www.alibaba.com/product-detail/Wedding-Solid-Wood-Royal-Chair-groom_60742778569.html
European Unique contemporary Minimal style antique vintage rustic wooden oak ,$72.00-$94.00,Ningbo Antique House Limited,5.0,//www.alibaba.com/product-detail/Wedding-Solid-Wood-Royal-Chair-groom_60742778569.html
Wholesale cheap price mesh swivel office ,$13.00-$18.80,"Foshan Kinouwell Furniture Co., Ltd.",4.5,//www.alibaba.com/product-detail/Wedding-Solid-Wood-Royal-Chair-groom_60742778569.html
Home furniture modern balcony rattan solid wood lounge ,$78.00-$120.00,"Foshan Wisemax Furniture Co., Ltd.",,//www.alibaba.com/product-detail/Wedding-Solid-Wood-Royal-Chair-groom_60742778569.html
Cheap High Back Swivel Computer Office Adjustable Arms Gaming Swivel Gaming ,$65.00-$71.00,"Shanghai Wind E-Commerce Co., Ltd.",5.0,//www.alibaba.com/product-detail/Wedding-Solid-Wood-Royal-Chair-groom_60742778569.html
Wholesale China furniture stackable plastic outdoor garden dining coffee ,$11.90-$14.90,"Langfang Qintai Import&Export Trading Co., Ltd.",5.0,//www.alibaba.com/product-detail/Wedding-Solid-Wood-Royal-Chair-groom_60742778569.html
wholesale party rental equipment child cross back plastic ,$7.20-$8.50,"Ningbo Xino Furniture Co., Ltd.",5.0,//www.alibaba.com/product-detail/Wedding-Solid-Wood-Royal-Chair-groom_60742778569.html
2020 New FURICCO best selling executive leather ,$111.39-$114.58,"Guangdong Shunde Furicco Furniture Co., Ltd.",,//www.alibaba.com/product-detail/Wedding-Solid-Wood-Royal-Chair-groom_60742778569.html
Mesh training room furniture classroom ,$50.00-$80.00,"Guangzhou Mega Import And Export Co., Ltd.",5.0,//www.alibaba.com/product-detail/Wedding-Solid-Wood-Royal-Chair-groom_60742778569.html
Restaurant Cafe Wood Easy Dining ,$26.00-$37.00,"Foshan Ron Hospitality Supplies Co., Ltd.",4.9,//www.alibaba.com/product-detail/Wedding-Solid-Wood-Royal-Chair-groom_60742778569.html
Outdoor Furniture Stackable Colorful Plastic Cafe ,$12.80-$14.00,"Langfang Doova Furniture Co., Ltd.",,//www.alibaba.com/product-detail/Wedding-Solid-Wood-Royal-Chair-groom_60742778569.html
Sillas de oficina Swivel Office Furniture Staff Mesh Fabric High Back Office ,$14.50-$26.85,"Shenzhen Dafier Technology Co., Ltd",4.7,//www.alibaba.com/product-detail/Wedding-Solid-Wood-Royal-Chair-groom_60742778569.html
Cheap ghost clear transparent acrylic napoleon ,$24.50-$25.00,Foshan Xinyimei Group Company,4.8,//www.alibaba.com/product-detail/Wedding-Solid-Wood-Royal-Chair-groom_60742778569.html
(SP-OC357) New style patio furniture outdoor woven rope ,$42.00-$44.00,"Zhongshan Uptop Furnishings Co., Ltd.",5.0,//www.alibaba.com/product-detail/Wedding-Solid-Wood-Royal-Chair-groom_60742778569.html
Cheap outdoor white modern design Leisure stacking dining plastic ,$15.90-$19.50,"Tianjin God-Source Furniture Co., Limited",5.0,//www.alibaba.com/product-detail/Wedding-Solid-Wood-Royal-Chair-groom_60742778569.html
Short Transport Time Home Delivery Modern PC Ergonomic Game Silla ,$119.90-$126.50,"Suzhou Censi Innovation Technology Co., Ltd.",5.0,//www.alibaba.com/product-detail/Wedding-Solid-Wood-Royal-Chair-groom_60742778569.html
Modern ergonomic leather swivel and executive office ,$152.00-$188.00,"Shenzhen Redde Boo Furniture Co., Ltd.",4.8,//www.alibaba.com/product-detail/Wedding-Solid-Wood-Royal-Chair-groom_60742778569.html
Luxury French Restaurant Dining Room Table ,$15.00-$45.00,"Foshan San Dun Furniture Co., Ltd.",5.0,//www.alibaba.com/product-detail/Wedding-Solid-Wood-Royal-Chair-groom_60742778569.html
JOHOOFURNITURE Luxury Secret Lab Custom Logo Executive Office Computer Gaming ,$97.00,"Guangzhou Johoo Furniture Co., Ltd.",5.0,//www.alibaba.com/product-detail/Wedding-Solid-Wood-Royal-Chair-groom_60742778569.html
MEET&CO Modern high quality office furniture mesh executive ergonomic office ,$49.50-$53.00,"Guangzhou Gesui Trading Co., Ltd.",5.0,//www.alibaba.com/product-detail/Wedding-Solid-Wood-Royal-Chair-groom_60742778569.html
Luxury Modern Interior Furniture Soft Velvet Upholstered Wingback Lounge Arm ,$180.00-$320.00,"Foshan Tiange Furniture Co., Ltd.",5.0,//www.alibaba.com/product-detail/Wedding-Solid-Wood-Royal-Chair-groom_60742778569.html
YQ-BRCP171 Folding Armchair Rocker Deck Relaxing Recliner Sunloungers Seat Bamboo Cheap Antique Rocking ,$36.20-$52.00,"Guangde Yiqing Bamboo Products Manufacturing Co., Ltd.",5.0,//www.alibaba.com/product-detail/Wedding-Solid-Wood-Royal-Chair-groom_60742778569.html
Commercial Quality White Plastic Folding ,$5.75-$5.95,"Cixi Yongye Furniture Co., Ltd.",4.8,//www.alibaba.com/product-detail/Wedding-Solid-Wood-Royal-Chair-groom_60742778569.html
7 Position Adjustable Steel Textilener Teslin Sling Iron Metal Modern Outdoor Recliner Black Foldable Patio Garden Folding ,$10.00-$15.00,"Ningbo Nissi Leisure Products Co., Limited",5.0,//www.alibaba.com/product-detail/7-Position-Adjustable-Steel-Textilener-Teslin_60296524720.html
Contemporary Genuine Modern Comfortable Living Room Furniture Relax Pu Recliner ,$78.00-$85.00,"Anji Xiangrun Furniture Co., Ltd.",4.8,//www.alibaba.com/product-detail/7-Position-Adjustable-Steel-Textilener-Teslin_60296524720.html
new style strong plastic ,$50.00,"Taizhou Huayue Plastic Co., Ltd.",,//www.alibaba.com/product-detail/7-Position-Adjustable-Steel-Textilener-Teslin_60296524720.html
High quality modern computer ,$62.40-$65.50,"Hangzhou Vittoria Furniture Co., Ltd.",4.8,//www.alibaba.com/product-detail/7-Position-Adjustable-Steel-Textilener-Teslin_60296524720.html
Red color aluminium luxembourg metal ,$33.70-$37.50,Tianjin Eastsun Import And Export Trade Limited,5.0,//www.alibaba.com/product-detail/7-Position-Adjustable-Steel-Textilener-Teslin_60296524720.html
Hot sale cheap zero gravity 3D heating function bluetooth speaker wrapped electric massage ,$209.00-$230.00,"Ganzhou Huafeng Trading Co., Ltd.",5.0,//www.alibaba.com/product-detail/7-Position-Adjustable-Steel-Textilener-Teslin_60296524720.html
Popular Used Office ,$29.00-$34.00,"Anji Ruixin Furniture Co., Ltd.",5.0,//www.alibaba.com/product-detail/7-Position-Adjustable-Steel-Textilener-Teslin_60296524720.html
Chinese suppliers best selling good quality white adult nilkamal plastic ,$3.90-$4.25,"Taizhou Valleesion Houseware Co., Ltd.",5.0,//www.alibaba.com/product-detail/7-Position-Adjustable-Steel-Textilener-Teslin_60296524720.html
Wholesale China furniture stackable plastic outdoor garden dining coffee ,$11.90-$14.90,"Langfang Qintai Import&Export Trading Co., Ltd.",5.0,//www.alibaba.com/product-detail/7-Position-Adjustable-Steel-Textilener-Teslin_60296524720.html
wholesale party rental equipment child cross back plastic ,$7.20-$8.50,"Ningbo Xino Furniture Co., Ltd.",5.0,//www.alibaba.com/product-detail/7-Position-Adjustable-Steel-Textilener-Teslin_60296524720.html
Outdoor Wooden modern Adirondack Solid Wood Rocking ,$25.00-$45.00,"Fujian Zhangping D-Road Forestry Co., Ltd.",5.0,//www.alibaba.com/product-detail/7-Position-Adjustable-Steel-Textilener-Teslin_60296524720.html
Outdoor Plastic Flat Rattan Wicker Cafe Dining ,$48.00-$60.00,"Guangzhou Ningxin Furniture Co., Ltd.",5.0,//www.alibaba.com/product-detail/7-Position-Adjustable-Steel-Textilener-Teslin_60296524720.html
Modern Single Sofa Fabric Swivel Arm ,$115.10-$120.60,"Nisco Co., Ltd.",5.0,//www.alibaba.com/product-detail/7-Position-Adjustable-Steel-Textilener-Teslin_60296524720.html
Factory garden outdoor HDPE/PP White Plastic ,$4.80-$6.50,"Linyi Baoyanchengxiang Plastic Co., Ltd.",5.0,//www.alibaba.com/product-detail/7-Position-Adjustable-Steel-Textilener-Teslin_60296524720.html
"Best Value Gamer WorkWell Comfortable Modern Synthetic Leather racing,gaming,office gaming ",$45.00-$66.00,"TAIZHOU BOMAIHAN INDUSTRY AND TRADE CO.,LTD",5.0,//www.alibaba.com/product-detail/7-Position-Adjustable-Steel-Textilener-Teslin_60296524720.html
high end designer office ,$50.00-$120.00,"Guangzhou Mega Import And Export Co., Ltd.",5.0,//www.alibaba.com/product-detail/7-Position-Adjustable-Steel-Textilener-Teslin_60296524720.html
Short Transport Time Home Delivery Modern PC Ergonomic Game Silla ,$119.90-$126.50,"Suzhou Censi Innovation Technology Co., Ltd.",5.0,//www.alibaba.com/product-detail/7-Position-Adjustable-Steel-Textilener-Teslin_60296524720.html
2020 Hot casual rocking ,$35.15-$37.14,"Shandong Lufan Trading Co., Ltd.",4.6,//www.alibaba.com/product-detail/7-Position-Adjustable-Steel-Textilener-Teslin_60296524720.html
Modern Game ,$160.00,"Zhejiang Hebang Industry Co., Ltd.",,//www.alibaba.com/product-detail/7-Position-Adjustable-Steel-Textilener-Teslin_60296524720.html
IVOLIA new model 3 in 1 baby feeding high ,$45.00-$65.00,"Ningbo IVOLIA Children Products Co., Ltd.",5.0,//www.alibaba.com/product-detail/7-Position-Adjustable-Steel-Textilener-Teslin_60296524720.html
Custom Lazy Lounger Outdoor Beach Waterproof Bean Bag ,$9.98,"Hangzhou Leadershow Industrial Co., Ltd.",5.0,//www.alibaba.com/product-detail/7-Position-Adjustable-Steel-Textilener-Teslin_60296524720.html
Luxury banquet modern metal legs fabric restaurant cafe dining arm ,$22.50-$26.50,"Langfang Nichos Furniture Co., Ltd.",5.0,//www.alibaba.com/product-detail/7-Position-Adjustable-Steel-Textilener-Teslin_60296524720.html
Wholesale modern metal legs luxury hotel big upholstered urban fabric dining ,$23.50-$28.50,"Bazhou Dowell Furniture Co., Ltd.",5.0,//www.alibaba.com/product-detail/7-Position-Adjustable-Steel-Textilener-Teslin_60296524720.html
HYC-SR01 New Design Outdoor Simple Leisure Rattan ,$59.00-$169.00,"Foshan Yichuang Furniture Co., Ltd",5.0,//www.alibaba.com/product-detail/7-Position-Adjustable-Steel-Textilener-Teslin_60296524720.html
