Link,Name,Price,Rating,Reviews
"https://www.aliexpress.com/item/1005001977351017.html?algo_pvid=7888a9ee-e8aa-4984-b039-950173d116ec&algo_expid=7888a9ee-e8aa-4984-b039-950173d116ec-3&btsid=0b0a555d16198452341047188ed3b6&ws_ab_test=searchweb0_0,searchweb201602_,searchweb201603_#feedback",7 Gears Height bathroom And Shower Chair Adjustable Elderly Bath Tub Shower Chair Bench Stool Seat Non Slip Bath Chair Bench,Not Found,4.6,97 Reviews
"https://www.aliexpress.com/item/4001333209950.html?algo_pvid=7888a9ee-e8aa-4984-b039-950173d116ec&algo_expid=7888a9ee-e8aa-4984-b039-950173d116ec-4&btsid=0b0a555d16198452341047188ed3b6&ws_ab_test=searchweb0_0,searchweb201602_,searchweb201603_#thf",Outdoor Moon Chair Lightweight Fishing Camping BBQ Chairs Portable Folding Extended Hiking Seat Garden Ultralight 접는 의자,Not Found,4.7,237 Reviews
"https://www.aliexpress.com/item/4000290544355.html?algo_pvid=7888a9ee-e8aa-4984-b039-950173d116ec&algo_expid=7888a9ee-e8aa-4984-b039-950173d116ec-2&btsid=0b0a555d16198452341047188ed3b6&ws_ab_test=searchweb0_0,searchweb201602_,searchweb201603_",Naturehike YL05 Lightweight Compact Portable Outdoor Folding Beach Chair Fishing Picnic Chair Foldable Camping Chair NH18Y050-Z,US $47.31 - 98.82,4.8,53 Reviews
https://www.aliexpress.com/store/5634315,Not Found,Not Found,Not Found,Not Found
"https://www.aliexpress.com/item/4000698895585.html?algo_pvid=7888a9ee-e8aa-4984-b039-950173d116ec&algo_expid=7888a9ee-e8aa-4984-b039-950173d116ec-5&btsid=0b0a555d16198452341047188ed3b6&ws_ab_test=searchweb0_0,searchweb201602_,searchweb201603_",Naturehike Folding Camping Chair Wooden Ultralight Portable Oxford Cloth Fishing Chair Steady Outdoor Travel Daily Leisure,US $75.05 - 93.10,5.0,2 Reviews
https://www.aliexpress.com/store/5748244,Not Found,Not Found,Not Found,Not Found
"https://www.aliexpress.com/item/4000698895585.html?algo_pvid=7888a9ee-e8aa-4984-b039-950173d116ec&algo_expid=7888a9ee-e8aa-4984-b039-950173d116ec-5&btsid=0b0a555d16198452341047188ed3b6&ws_ab_test=searchweb0_0,searchweb201602_,searchweb201603_#feedback",Naturehike Folding Camping Chair Wooden Ultralight Portable Oxford Cloth Fishing Chair Steady Outdoor Travel Daily Leisure,US $75.05 - 93.10,5.0,2 Reviews
"https://www.aliexpress.com/item/32972469741.html?algo_pvid=7888a9ee-e8aa-4984-b039-950173d116ec&algo_expid=7888a9ee-e8aa-4984-b039-950173d116ec-1&btsid=0b0a555d16198452341047188ed3b6&ws_ab_test=searchweb0_0,searchweb201602_,searchweb201603_",Office outdoor leisure chair Comfortable Relax Rocking Chair Folding Lounge Chair Relax Chair Nap Recliner 180kg Bearing,Not Found,4.8,49 Reviews
"https://www.aliexpress.com/item/4000698895585.html?algo_pvid=7888a9ee-e8aa-4984-b039-950173d116ec&algo_expid=7888a9ee-e8aa-4984-b039-950173d116ec-5&btsid=0b0a555d16198452341047188ed3b6&ws_ab_test=searchweb0_0,searchweb201602_,searchweb201603_#thf",Naturehike Folding Camping Chair Wooden Ultralight Portable Oxford Cloth Fishing Chair Steady Outdoor Travel Daily Leisure,US $75.05 - 93.10,5.0,2 Reviews
"https://www.aliexpress.com/item/1005001714695968.html?algo_pvid=7888a9ee-e8aa-4984-b039-950173d116ec&algo_expid=7888a9ee-e8aa-4984-b039-950173d116ec-0&btsid=0b0a555d16198452341047188ed3b6&ws_ab_test=searchweb0_0,searchweb201602_,searchweb201603_",Non-slip Bath Chair 6 Gears Height Adjustable Elderly Bath Tub Shower Chair Bench Stool Seat Safe Bathroom Environment Product,Not Found,4.9,436 Reviews
"https://www.aliexpress.com/item/4001333209950.html?algo_pvid=7888a9ee-e8aa-4984-b039-950173d116ec&algo_expid=7888a9ee-e8aa-4984-b039-950173d116ec-4&btsid=0b0a555d16198452341047188ed3b6&ws_ab_test=searchweb0_0,searchweb201602_,searchweb201603_#feedback",Outdoor Moon Chair Lightweight Fishing Camping BBQ Chairs Portable Folding Extended Hiking Seat Garden Ultralight 접는 의자,Not Found,4.7,237 Reviews
"https://www.aliexpress.com/item/1005001714695968.html?algo_pvid=7888a9ee-e8aa-4984-b039-950173d116ec&algo_expid=7888a9ee-e8aa-4984-b039-950173d116ec-0&btsid=0b0a555d16198452341047188ed3b6&ws_ab_test=searchweb0_0,searchweb201602_,searchweb201603_#feedback",Non-slip Bath Chair 6 Gears Height Adjustable Elderly Bath Tub Shower Chair Bench Stool Seat Safe Bathroom Environment Product,Not Found,4.9,436 Reviews
https://www.aliexpress.com/store/4514039,Not Found,Not Found,Not Found,Not Found
https://www.aliexpress.com/store/3211027,Not Found,Not Found,Not Found,Not Found
"https://www.aliexpress.com/item/4001093571445.html?algo_pvid=null&algo_expid=null&btsid=0b0a555d16198452341047188ed3b6&ws_ab_test=searchweb0_0,searchweb201602_,searchweb201603_#feedback",Korea implant machine detachable 20:1 generator LED contra angle handpiece dental chair instrument unit,US $144.00,4.8,4 Reviews
"https://www.aliexpress.com/item/1005001374481352.html?algo_pvid=7888a9ee-e8aa-4984-b039-950173d116ec&algo_expid=7888a9ee-e8aa-4984-b039-950173d116ec-6&btsid=0b0a555d16198452341047188ed3b6&ws_ab_test=searchweb0_0,searchweb201602_,searchweb201603_#thf",Portable Heavy Duty Outdoor Folding Camping swings chairs Aluminum Alloy luxury Camping Chair Backrest Folding,US $36.00,4.6,36 Reviews
"https://www.aliexpress.com/item/4001093571445.html?algo_pvid=null&algo_expid=null&btsid=0b0a555d16198452341047188ed3b6&ws_ab_test=searchweb0_0,searchweb201602_,searchweb201603_",Korea implant machine detachable 20:1 generator LED contra angle handpiece dental chair instrument unit,US $144.00,4.8,4 Reviews
"https://www.aliexpress.com/item/1005001977351017.html?algo_pvid=7888a9ee-e8aa-4984-b039-950173d116ec&algo_expid=7888a9ee-e8aa-4984-b039-950173d116ec-3&btsid=0b0a555d16198452341047188ed3b6&ws_ab_test=searchweb0_0,searchweb201602_,searchweb201603_#thf",7 Gears Height bathroom And Shower Chair Adjustable Elderly Bath Tub Shower Chair Bench Stool Seat Non Slip Bath Chair Bench,Not Found,4.6,97 Reviews
"https://www.aliexpress.com/item/4000290544355.html?algo_pvid=7888a9ee-e8aa-4984-b039-950173d116ec&algo_expid=7888a9ee-e8aa-4984-b039-950173d116ec-2&btsid=0b0a555d16198452341047188ed3b6&ws_ab_test=searchweb0_0,searchweb201602_,searchweb201603_#thf",Naturehike YL05 Lightweight Compact Portable Outdoor Folding Beach Chair Fishing Picnic Chair Foldable Camping Chair NH18Y050-Z,US $47.31 - 98.82,4.8,53 Reviews
